name,adset_name,campaign_name,event_date,sum,revenue
,,DPA_App_ASC_NonMetro_Pur Campaign,2024-01-30 00:00:00,61122.15,259751.5621150580
,,NDPA_NS_Buyers_Lapsed_M_18-65_OBJ-VC_Duplicate,2024-01-30 00:00:00,10088.61,19897.26754871300
,,DPA_gt-All_t-AppCABuyersList_ds-Lockdown_Duplicate_BidCap,2024-01-29 00:00:00,209782.99,881273.3339213220
,,DPA_gt-F_t-AppVisitors_ds-Lockdown,2024-01-28 00:00:00,10250.13,20717.00418438530
,,DPA_gt-All_t-AppUpsellKids_ds-Lockdown,2024-01-28 00:00:00,103245.75,81307.5577817309
,,NDPA_NS_Buyer_Lookalike_F_0-5_OBJ-Pur_Duplicate,2024-02-03 00:00:00,19551.37,96687.87462656090
,,NDPA_NS_LAEthnicBuyer_Pur,2024-01-28 00:00:00,122123.14,421528.0181638530
,,DPA_gt-M_t-AppA2C_ds-Lockdown_D_CBO,2024-01-29 00:00:00,52239.56,130738.81781968300
,,NDPA_NS_Buyer_Lookalike_M_0-5_OBJ-Pur_Duplicate,2024-01-28 00:00:00,20401.98,45312.778528433700
,,DPA_App_AFBigSaleBuyers_Partywear_Pur,2024-01-29 00:00:00,53814.27,100531.82468112900
,,DPA_gt-All_t-AppCrosssell_ds-Lockdown,2024-02-02 00:00:00,619359.86,3121440.141747370
,,DPA_gt-F_t-AppVisitors_ds-Lockdown,2024-02-02 00:00:00,9951.5,9461.347644973450
,,DPA_AppUpSell_Promoted_Pur,2024-01-27 00:00:00,290512.18,528823.2635783260
,,DPA_AppUpSell_Discounted_Pur,2024-02-03 00:00:00,77847.79,205880.39755778800
,,DPA_gt-M_t-AppA2C_ds-Lockdown_D_CBO,2024-01-27 00:00:00,78032.42,203543.03551680200
,,DPA_gt-All_t-AppUpsellKids_ds-Lockdown,2024-01-29 00:00:00,73082.34,188289.95056306200
,,DPA_gt-All_t-AppCrosssell_ds-Lockdown,2024-01-29 00:00:00,431460.04,495716.0981265480
,,NDPA_NS_Buyers_Lapsed_M_18-65_OBJ-VC_Duplicate_iOS_LC,2024-01-27 00:00:00,96785.59,96779.24015920710
,,DPA_App_AFBigSaleBuyers_Partywear_Pur,2024-02-01 00:00:00,100397.49,153645.28075141300
,,NDPA_NS_LAiOSPurchsedGT5000_180D_LC,2024-02-03 00:00:00,18487.84,87199.65797872140
,,DPA_gt-M_t-AppA2C_ds-Lockdown_D_CBO,2024-01-30 00:00:00,50454.35,42683.16187233250
,,DPA_AppUpsellNew_Pur,2024-02-03 00:00:00,176872.28,700041.8070851170
,,NDPA_NS_LAEthnicBuyer_Pur,2024-02-02 00:00:00,121229.49,479885.7016098000
,,NDPA_NS_Buyers_Lapsed_M_18-65_OBJ-VC_Duplicate_iOS_LC,2024-01-28 00:00:00,100993.31,425251.5005825390
,,DPA_AppBBSBuyers_BlackFriday_Pur_Andr,2024-01-30 00:00:00,121848.13,558284.2490403720
,,DPA_AppUpSellFootwear_Pur,2024-01-28 00:00:00,15334.63,24079.998902647300
,,DPA_APPAFInstalled_notactive_And30D,2024-02-03 00:00:00,77223.93,106915.23636845900
,,DPA_gt-All_t-AppUpsell_ds-Lockdown,2024-02-01 00:00:00,283930.75,723485.1426375950
,,DPA_AppUpSell_Promoted_Pur,2024-02-03 00:00:00,291809.26,461121.83519074100
,,DPA_gt-All_t-EB0AppVisitor_ds-Lockdown,2024-01-27 00:00:00,96706.15,371957.2584667950
,,DPA_APPAFInstalled_notactive_And30D,2024-01-28 00:00:00,81844.2,275912.71763866400
,,NDPA_NS_LA_NikePumaAdidasBuyerL90D_Pur,2024-01-29 00:00:00,32875.4,148782.51837028500
,,NDPA_NS_LAInstallednotPurchsed_15D_Pur,2024-01-29 00:00:00,83897.26,58692.408115936400
,,NDPA_NS_ASC_80%Exis_Obj_Pur Campaign,2024-01-27 00:00:00,173539.48,818982.4494373110
,,NDPA_gt-ALL_t-LA0to10LIFETIMEBUYERS_ds-Lockdown_Duplicate,2024-01-27 00:00:00,9726.49,16697.39033356490
,,DPA_gt-All_t-EB0AppA2C_ds-Lockdown,2024-02-01 00:00:00,81338.24,217152.762256639
,,DPA_App_ASC_NonMetro_Pur Campaign,2024-02-01 00:00:00,80952.54,195761.19174033200
,,DPA_gt-All_t-EB0AppVisitorTraffic_ds-Lockdown_BidCap,2024-02-01 00:00:00,10012.55,39768.19294397950
,,DPA_AppBBSBuyers_BlackFriday_Pur_Andr,2024-01-27 00:00:00,145210.69,338333.6033463250
,,NDPA_NS_LABuyers_ROIHunter_Discounted Bestsellers_Pur,2024-02-01 00:00:00,49917.04,242435.96343195000
,,DPA_APP_AFRecent_Inactive_HLTV_Android,2024-01-27 00:00:00,96845.88,451173.96275384600
,,NDPA_NS_LAWinterwearBuyer_Pur,2024-02-01 00:00:00,131355.09,592673.9685560510
,,DPA_AppCrossSell_NewArrival_Pur,2024-01-30 00:00:00,100923.1,65007.96353934070
,,DPA_gt-All_t-AppCrosssell_ds-Lockdown_BidCap_2_LC_iOS,2024-01-29 00:00:00,20115.07,89019.99964887420
,,NDPA_NS_ASC_100%New_Obj_Pur,2024-01-30 00:00:00,102030.31,415754.6753071370
,,DPA_APP_AFCart_abondaners_iOS,2024-01-28 00:00:00,30228.36,24179.769739779700
,,DPA_gt-All_t-AppCrossSellKids_ds-Lockdown_D_CBO,2024-01-29 00:00:00,84825.9,69450.75625042210
,,DPA_APP_AFRecent_Inactive_HLTV_Android,2024-01-28 00:00:00,103269.67,81434.1852854884
,,DPA_App_AFBigSaleBuyers_Partywear_Pur,2024-02-03 00:00:00,97993.62,34761.21903600540
,,DPA_gt-M_t-AppA2C_ds-Lockdown_D_CBO,2024-02-01 00:00:00,80207.47,236577.07321803300
,,NDPA_NS_LAWinterwearBuyer_Pur,2024-01-30 00:00:00,101705.65,508618.9609203530
,,DPA_gt-All_t-EB0AppVisitorTraffic_ds-Lockdown_BidCap,2024-01-28 00:00:00,10202.63,24675.831659331000
,,DPA_gt-All_t-AppCrosssell_ds-Lockdown_BidCap_3,2024-01-27 00:00:00,124817.59,363409.4095589900
,,NDPA_NS_LABBSBuyers_Clearance_Pur,2024-01-28 00:00:00,134099.7,667105.0997287140
,,DPA_gt-All_t-AppCrosssell_ds-Lockdown_BidCap_2_LC_iOS,2024-01-31 00:00:00,20046.34,30718.454271679200
,,DPA_App_AFBigSaleBuyers_Partywear_Pur,2024-01-27 00:00:00,78114.6,347288.13214276400
,,DPA_gt-All_t-EB0AppA2C_ds-Lockdown,2024-02-02 00:00:00,80751.72,237307.31969209300
,,BI_gt-All_t-AAA_ds-Lockdown_Duplicate,2024-01-30 00:00:00,12094.31,36890.29487785260
,,NDPA_NS_ASC_80%Exis_Obj_Pur Campaign,2024-02-02 00:00:00,203379.24,398077.7060708060
,,NDPA_NS_ASC_100%New_Obj_Pur,2024-01-28 00:00:00,102443.75,308571.31548454500
,,DPA_AppBBSBuyers_BlackFriday_Pur_Andr,2024-02-01 00:00:00,152224.67,99438.18479449260
,,DPA_gt-M_t-AppA2C_ds-Lockdown_D_CBO,2024-02-02 00:00:00,80643.34,321989.11040101600
,,DPA_gt-All_t-AppCABuyersList_ds-Lockdown_Duplicate_BidCap,2024-01-28 00:00:00,306512.11,513366.60941602600
,,DPA_gt-All_t-AppCrosssell_ds-Lockdown_BidCap_3,2024-01-28 00:00:00,222540.19,1020702.5688285600
,,NDPA_NS_LABBSBuyers_Clearance_Pur,2024-01-30 00:00:00,102092.4,211993.9656309110
,,NDPA_NS_LA_NikePumaAdidasBuyerL90D_Pur,2024-02-02 00:00:00,50534.92,50017.04044055600
,,DPA_gt-All_t-AppCrosssellTraffic_ds-Lockdown,2024-01-28 00:00:00,10282.1,37639.44958826630
,,NDPA_NS_Buyers_Lapsed_M_18-65_OBJ-VC_Duplicate,2024-02-02 00:00:00,9981.67,10928.037773288200
,,NDPA_NS_LAInstallednotPurchsed_15D_Pur,2024-01-28 00:00:00,121666.55,479343.1343785360
,,NDPA_NS_LAInstallednotPurchsed_15D_Pur,2024-01-27 00:00:00,117577.39,584992.5286211630
,,DPA_AppUpSellFootwear_Pur,2024-01-27 00:00:00,14244.81,57901.7027429887
,,DPA_gt-All_t-AppCrosssell_ds-Lockdown,2024-01-27 00:00:00,595173.22,243078.25024890700
,,NDPA_NS_LABuyers_ROIHunter_Discounted Bestsellers_Pur,2024-01-27 00:00:00,49015.55,156706.48887038200
,,DPA_AppUpSell_Promoted_Pur,2024-01-30 00:00:00,252470.67,923639.477136173
,,NDPA_NS_Buyer_Lookalike_M_0-5_OBJ-Pur_Duplicate,2024-02-01 00:00:00,20023.11,85828.11502101340
,,DPA_gt-All_t-AppCABuyersList_ds-Lockdown_Duplicate_BidCap,2024-01-27 00:00:00,290525.84,165732.34999537000
,,NDPA_NS_LAWinterwearBuyer_Pur,2024-01-31 00:00:00,100552.62,263309.46601254000
,,DPA_gt-All_t-AppUpsell_ds-Lockdown,2024-01-28 00:00:00,307416.28,887052.7255935090
,,DPA_gt-All_t-AppCrosssell_ds-Lockdown,2024-02-01 00:00:00,618314.34,690513.9151162230
,,NDPA_NS_LABuyers_ROI_HunterF_18-65_OBJ-Pur,2024-01-30 00:00:00,20157.6,37437.35960775710
,,NDPA_gt-All_t-LA0RRLAudience_ds-Lockdown,2024-01-31 00:00:00,10031.26,24335.821116939400
,,DPA_AppBBSBuyers_BlackFriday_Pur_Andr,2024-01-31 00:00:00,120271.73,520041.37414902300
,,NDPA_NS_LABuyers_ROI_HunterF_18-65_OBJ-Pur,2024-01-27 00:00:00,19345.84,92636.84370308900
,,DPA_gt-All_t-AppCrosssellTraffic_ds-Lockdown,2024-01-31 00:00:00,10029.06,33445.84469783710
,,DPA_APPAFInstalled_notactive_And30D,2024-01-30 00:00:00,50755.58,112034.86141527400
,,DPA_gt-All_t-EB0AppVisitorTraffic_ds-Lockdown_BidCap,2024-01-29 00:00:00,10166.24,15521.943029455500
,,DPA_gt-All_t-EB0AppA2C_ds-Lockdown,2024-01-28 00:00:00,82130.58,414193.13858087900
,,DPA_AppBBSBuyers_BlackFriday_Pur_Andr,2024-01-28 00:00:00,153262.42,773573.3824648420
,,NDPA_NS_ASC_80%Exis_Obj_Pur Campaign,2024-01-29 00:00:00,152996.14,729342.7123092290
,,DPA_AppTrendsBrand_Pur,2024-02-03 00:00:00,115607.66,473331.941144816
,,DPA_APP_AFRecent_Inactive_HLTV_Android,2024-02-01 00:00:00,101593.58,190316.628864463
,,NDPA_NS_LABuyers_ROIHunter_Discounted Bestsellers_Pur,2024-01-30 00:00:00,50300.35,213555.49854562600
,,NDPA_NS_LAWinterwearBuyer_Pur,2024-01-28 00:00:00,133111.36,302724.1484928890
,,DPA_gt-All_t-AppCrosssell_ds-Lockdown_BidCap_2_LC_iOS,2024-02-03 00:00:00,19543.05,36704.0326476775
,,DPA_AppTrendsBrand_Pur,2024-02-02 00:00:00,121657.7,474129.08561158700
,,BI_gt-All_t-AAA_ds-Lockdown_Duplicate,2024-01-31 00:00:00,12009.7,8222.791363402210
,,DPA_gt-F_t-AppA2C_ds-Lockdown,2024-02-02 00:00:00,80565.28,43064.38938284980
,,DPA_gt-All_t-AppCrosssellTraffic_ds-Lockdown,2024-01-30 00:00:00,10159.43,25026.12088904100
,,DPA_APPAFInstalled_notactive_And30D,2024-01-27 00:00:00,77640.17,190386.08491556600
,,DPA_APP_AFCart_abondaners_iOS,2024-02-02 00:00:00,71415.18,330324.26316359200
,,DPA_APPAFInstalled_notactive_And30D,2024-01-31 00:00:00,50234.77,45675.53091074470
,,DPA_gt-All_t-iOS_VC_Last90days,2024-01-29 00:00:00,356689.29,319374.2602023180
,,NDPA_NS_LABuyers_ROIHunter_Discounted Bestsellers_Pur,2024-01-28 00:00:00,50141.19,50748.1384315994
,,DPA_gt-All_t-AppCrosssell_ds-Lockdown_BidCap_3,2024-02-01 00:00:00,87734.67,38919.778266623600
,,NDPA_gt-All_t-LA0RRLAudience_ds-Lockdown,2024-01-27 00:00:00,9429.01,6095.099623041050
,,DPA_AppCrossSell_NewArrival_Pur,2024-02-03 00:00:00,127039.22,442955.6515065150
,,DPA_gt-All_t-AppCrosssell_ds-Lockdown_BidCap_3,2024-02-03 00:00:00,62019.29,147871.67271486200
,,DPA_AppTrendsBrand_Pur,2024-01-31 00:00:00,80425.02,320713.27656461700
,,NDPA_NS_Buyer_Lookalike_M_0-5_OBJ-Pur_Duplicate,2024-01-29 00:00:00,20259.45,103194.19422364100
,,NDPA_NS_LAWinterwearBuyer_Pur,2024-02-02 00:00:00,131882.9,459312.47524343200
,,NDPA_NS_LABuyers_ROI_HunterF_18-65_OBJ-Pur,2024-02-02 00:00:00,19943.18,10842.492199467500
,,NDPA_NS_LAiOSPurchsedGT5000_180D_LC,2024-01-31 00:00:00,20235.46,16289.017404405700
,,NDPA_NS_Buyers_Lapsed_M_18-65_OBJ-VC_Duplicate,2024-01-28 00:00:00,10076.15,45893.884620421200
,,NDPA_NS_LAiOSPurchsedGT5000_180D_LC,2024-01-27 00:00:00,18346.95,52242.55286173910
,,DPA_AppTrendsBrand_Pur,2024-01-30 00:00:00,81450.4,348888.95254877900
,,DPA_AppUpsellNew_Pur,2024-01-27 00:00:00,175967.18,780750.0727047980
,,DPA_gt-M_t-AppA2C_ds-Lockdown_D_CBO,2024-01-28 00:00:00,81144.9,387880.2337893510
,,DPA_gt-F_t-AppVisitors_ds-Lockdown,2024-02-03 00:00:00,9499.79,46426.30133480420
,,DPA_APP_AFRecent_Inactive_HLTV_Android,2024-01-31 00:00:00,70374.03,209676.9705497790
,,NDPA_gt-All_t-LA0RRLAudience_ds-Lockdown,2024-02-01 00:00:00,9994.92,19459.273070090400
,,NDPA_NS_Buyer_Lookalike_F_0-5_OBJ-Pur_Duplicate,2024-01-31 00:00:00,19994.58,98877.43592611010
,,BI_gt-All_t-AAA_ds-Lockdown_Duplicate,2024-02-03 00:00:00,24745.58,72841.93302370380
,,DPA_gt-All_t-AppCrosssellTraffic_ds-Lockdown,2024-01-27 00:00:00,9293.96,5672.111961436150
,,DPA_gt-All_t-EB0AppVisitorTraffic_ds-Lockdown_BidCap,2024-02-03 00:00:00,9529.11,32439.11878829370
,,NDPA_NS_LapsedBuyers_ROIHunter_Discounted Bestseller_Pur,2024-01-27 00:00:00,58568.37,183796.53926093700
,,DPA_AppBBSBuyers_Clearance_Pur,2024-01-28 00:00:00,61432.45,284194.1976888520
,,DPA_gt-All_t-AppUpsell_ds-Lockdown,2024-01-30 00:00:00,202861.98,700784.6408724150
,,NDPA_NS_ASC_80%Exis_Obj_Pur Campaign,2024-02-01 00:00:00,204611.64,406298.79584571100
,,DPA_gt-All_t-AppUpsell_ds-Lockdown,2024-01-31 00:00:00,201052.18,998479.8445297990
,,DPA_APP_AFRecent_Inactive_HLTV_Android,2024-02-03 00:00:00,96344.81,401885.60271250700
,,DPA_APP_AFCart_abondaners_iOS,2024-01-30 00:00:00,30211.74,101043.97616737400
,,NDPA_NS_Buyers_Lapsed_F_18-65_OBJ-VC_Duplicate_D2_iOS_LC,2024-02-01 00:00:00,151581.12,259908.17507607100
,,DPA_gt-All_t-AppCrossSellKids_ds-Lockdown_D_CBO,2024-01-30 00:00:00,80965.24,170348.3072482020
,,DPA_AppBBSBuyers_Clearance_Pur,2024-01-27 00:00:00,56274.38,198960.32270345200
,,DPA_gt-All_t-EB0AppVisitor_ds-Lockdown,2024-02-02 00:00:00,121221.14,78505.57374853700
,,DPA_APP_AFRecent_Inactive_HLTV_Android,2024-01-29 00:00:00,74755.72,115094.53239563500
,,NDPA_NS_Buyers_Lapsed_F_18-65_OBJ-VC_Duplicate_D2,2024-01-28 00:00:00,10124.58,37943.88445289790
,,BI_gt-All_t-AAA_ds-Lockdown_Duplicate,2024-01-27 00:00:00,11797.59,30888.35895551140
,,DPA_gt-All_t-EB0AppVisitor_ds-Lockdown,2024-02-03 00:00:00,116367.09,261047.67036873900
,,BI_gt-All_t-AAA_feed_ds-Value,2024-02-01 00:00:00,25154.53,25945.553535666800
,,NDPA_NS_LAEthnicBuyer_Pur,2024-01-27 00:00:00,117403.76,285744.00207744600
,,NDPA_NS_Buyers_Lapsed_F_18-65_OBJ-VC_Duplicate_D2_iOS_LC,2024-01-28 00:00:00,101775.05,409335.70530224600
,,NDPA_NS_ASC_80%Exis_Obj_Pur Campaign,2024-02-03 00:00:00,191077.38,300950.4318529400
,,NDPA_NS_Buyers_Lapsed_F_18-65_OBJ-VC_Duplicate_D2,2024-01-29 00:00:00,10120.44,3299.9882360529500
,,DPA_gt-All_t-AppCrosssell_ds-Lockdown,2024-02-03 00:00:00,593164.6,2092960.4520563600
,,NDPA_NS_LA_NikePumaAdidasBuyerL90D_Pur,2024-02-01 00:00:00,50298.27,251349.73238102900
,,NDPA_NS_LABBSBuyers_Clearance_Pur,2024-01-31 00:00:00,100561.59,324873.9384365490
,,DPA_APP_AFCart_abondaners_Android,2024-02-03 00:00:00,97066.59,85335.93214620010
,,DPA_App_ASC_NonMetro_Pur Campaign,2024-02-02 00:00:00,80612.29,149047.47306148800
,,DPA_gt-All_t-EB0AppVisitor_ds-Lockdown,2024-02-01 00:00:00,121162.64,544041.084964162
,,DPA_gt-All_t-AppCrosssell_ds-Lockdown_BidCap_2_LC_iOS,2024-01-30 00:00:00,20155.59,28684.62621980390
,,NDPA_gt-ALL_t-LA0to10LIFETIMEBUYERS_ds-Lockdown_Duplicate,2024-02-01 00:00:00,9989.58,32314.243936869500
,,BI_gt-All_t-AAA_feed_ds-Value,2024-02-03 00:00:00,24287.35,54516.66532561810
,,BI_gt-All_t-AAA_feed_ds-Value,2024-01-30 00:00:00,12182.81,15883.41795959390
,,DPA_AppBBSBuyers_Clearance_Pur,2024-02-01 00:00:00,90945.86,384541.99597928400
,,NDPA_gt-All_t-LA0RRLAudience_ds-Lockdown,2024-01-30 00:00:00,10114.61,39319.6891898114
,,DPA_AppUpsellNew_Pur,2024-01-30 00:00:00,150871.81,527308.3401749800
,,DPA_gt-F_t-AppVisitors_ds-Lockdown,2024-01-30 00:00:00,10092.26,14546.57420829670
,,DPA_AppTrendsBrand_Pur,2024-01-27 00:00:00,77405.38,59802.52574928180
,,NDPA_NS_Buyer_Lookalike_F_0-5_OBJ-Pur_Duplicate,2024-02-02 00:00:00,19994.11,61631.702525383700
,,NDPA_NS_LapsedBuyers_ROIHunter_Discounted Bestseller_Pur,2024-01-31 00:00:00,40155.4,119418.99573260300
,,NDPA_NS_LA_NikePumaAdidasBuyerL90D_Pur,2024-01-30 00:00:00,30374.94,36747.08557530820
,,NDPA_NS_LAInstallednotPurchsed_15D_Pur,2024-02-03 00:00:00,98015.66,56029.35008115890
,,NDPA_NS_Buyer_Lookalike_M_0-5_OBJ-Pur_Duplicate,2024-02-02 00:00:00,19939.29,13753.561453931300
,,NDPA_NS_LAInstallednotPurchsed_15D_Pur,2024-01-31 00:00:00,80204.71,408600.43598778100
,,NDPA_NS_Buyer_Lookalike_F_0-5_OBJ-Pur_Duplicate,2024-01-28 00:00:00,20186.1,82444.57776827400
,,DPA_App_AFBigSaleBuyers_Partywear_Pur,2024-02-02 00:00:00,100930.05,479683.0622806140
,,DPA_gt-All_t-AppUpsellKids_ds-Lockdown,2024-01-31 00:00:00,70534.34,87603.19671094180
,,NDPA_NS_LAiOSPurchsedGT5000_180D_LC,2024-01-30 00:00:00,20387.02,100690.50175609900
,,DPA_gt-All_t-AppUpsell_ds-Lockdown,2024-02-03 00:00:00,270742.83,267746.3064513390
,,DPA_gt-All_t-EB0AppA2C_ds-Lockdown,2024-01-31 00:00:00,60470.64,166811.29064337300
,,NDPA_NS_LapsedBuyers_ROIHunter_Discounted Bestseller_Pur,2024-02-03 00:00:00,58453.16,251752.88361285600
,,DPA_gt-All_t-AppCABuyersList_ds-Lockdown_Duplicate_BidCap,2024-01-30 00:00:00,202338.75,402519.2889329990
,,DPA_gt-All_t-AppCrosssell_ds-Lockdown,2024-01-31 00:00:00,413781.5,973072.9249443760
,,NDPA_NS_LapsedBuyers_ROIHunter_Discounted Bestseller_Pur,2024-01-28 00:00:00,60953.1,56019.23523871750
,,DPA_AppUpSellKidsTshirt299_Pur,2024-02-01 00:00:00,10014.17,8949.028748018310
,,NDPA_NS_LABBSBuyers_Clearance_Pur,2024-02-02 00:00:00,131240.6,432061.24941813800
,,DPA_AppUpSellKidsTshirt299_Pur,2024-02-03 00:00:00,9253.88,32966.05159392430
,,DPA_gt-All_t-AppCrosssellTraffic_ds-Lockdown,2024-02-01 00:00:00,10130.1,41067.77867904000
,,NDPA_NS_LAEthnicBuyer_Pur,2024-01-29 00:00:00,73578.17,219883.19057913400
,,NDPA_NS_LA_NikePumaAdidasBuyerL90D_Pur,2024-01-31 00:00:00,30014.01,102606.42453197500
,,NDPA_NS_LA_NikePumaAdidasBuyerL90D_Pur,2024-01-28 00:00:00,50734.38,18532.257122801200
,,DPA_APPAFInstalled_notactive_And30D,2024-02-01 00:00:00,80476.59,87170.97304281120
,,DPA_gt-All_t-AppCrosssell_ds-Lockdown,2024-01-28 00:00:00,624961.75,3160136.9987922700
,,NDPA_NS_LAiOSPurchsedGT5000_180D_LC,2024-02-02 00:00:00,19760.21,13180.091597910200
,,DPA_gt-F_t-AppA2C_ds-Lockdown,2024-02-03 00:00:00,78024.44,279181.3510238790
,,NDPA_NS_Buyers_Lapsed_M_18-65_OBJ-VC_Duplicate_iOS_LC,2024-02-03 00:00:00,147764.97,169984.40662434900
,,DPA_AppUpSell_Promoted_Pur,2024-01-28 00:00:00,305574.78,1149360.5958449000
,,NDPA_NS_LAInstalledPurchsed_30D_Pur,2024-02-03 00:00:00,116898.7,433635.334665444
,,NDPA_NS_LABuyers_ROI_HunterF_18-65_OBJ-Pur,2024-01-29 00:00:00,20185.18,28885.72912830580
,,DPA_AppUpSell_Promoted_Pur,2024-02-01 00:00:00,303857.93,486831.22243840300
,,NDPA_NS_LapsedBuyers_ROIHunter_Discounted Bestseller_Pur,2024-02-01 00:00:00,60510.82,209496.76356437100
,,DPA_App_ASC_NonMetro_Pur Campaign,2024-02-03 00:00:00,77427.03,169090.88577053600
,,DPA_App_AFBigSaleBuyers_Partywear_Pur,2024-01-30 00:00:00,50714.33,62862.75850881350
,,DPA_AppUpsellNew_Pur,2024-01-29 00:00:00,150221.66,575883.6796811840
,,NDPA_NS_ASC_100%New_Obj_Pur,2024-01-29 00:00:00,101831.04,106356.11867646900
,,DPA_AppUpsellNew_Pur,2024-02-02 00:00:00,181147.6,802887.6920828980
,,NDPA_NS_LAiOSPurchsedGT5000_180D_LC,2024-02-01 00:00:00,19897.52,55425.242765277900
,,NDPA_NS_LAInstallednotPurchsed_15D_Pur,2024-02-02 00:00:00,100720.68,81630.9372362995
,,DPA_APP_AFCart_abondaners_Android,2024-01-28 00:00:00,102737.58,375191.4512119430
,,NDPA_NS_LAWinterwearBuyer_Pur,2024-01-29 00:00:00,103083.19,289378.8542527820
,,NDPA_NS_LABuyers_ROI_HunterF_18-65_OBJ-Pur,2024-02-01 00:00:00,19940.07,34684.42722854210
,,NDPA_NS_Buyer_Lookalike_M_0-5_OBJ-Pur_Duplicate,2024-01-27 00:00:00,19050.85,44590.489133329
,,NDPA_NS_Buyers_Lapsed_F_18-65_OBJ-VC_Duplicate_D2,2024-01-30 00:00:00,10079.7,17546.606999091400
,,NDPA_NS_ASC_100%New_Obj_Pur,2024-02-02 00:00:00,99311.0,155943.29375469100
,,NDPA_NS_Buyers_Lapsed_M_18-65_OBJ-VC_Duplicate_iOS_LC,2024-01-29 00:00:00,100656.07,109727.9397889660
,,DPA_gt-All_t-EB0AppVisitor_ds-Lockdown,2024-01-28 00:00:00,102639.93,210611.04983253500
,,DPA_gt-All_t-AppCrosssell_ds-Lockdown_BidCap_2_LC_iOS,2024-01-28 00:00:00,20128.87,30437.122890908300
,,DPA_AppTrendsBrand_Pur,2024-01-29 00:00:00,81676.98,294083.31849850300
,,NDPA_NS_ASC_100%New_Obj_Pur,2024-02-01 00:00:00,99982.57,360207.33892724100
,,DPA_APP_AFRecent_Inactive_HLTV_Android,2024-02-02 00:00:00,101609.76,276742.07973392100
,,DPA_gt-All_t-EB0AppA2C_ds-Lockdown,2024-01-29 00:00:00,61849.7,250923.6465660280
,,DPA_AppBBSBuyers_BlackFriday_Pur_Andr,2024-01-29 00:00:00,126803.57,553263.0032311580
,,DPA_gt-F_t-AppA2C_ds-Lockdown,2024-01-27 00:00:00,77868.68,241386.14229956400
,,DPA_gt-F_t-AppVisitors_ds-Lockdown,2024-01-29 00:00:00,10149.45,33382.28921956520
,,DPA_gt-All_t-iOS_VC_Last90days,2024-02-01 00:00:00,451195.56,751765.7258885220
,,DPA_gt-F_t-AppA2C_ds-Lockdown,2024-01-31 00:00:00,50252.67,232250.97169118600
,,NDPA_NS_Buyers_Lapsed_F_18-65_OBJ-VC_Duplicate_D2_iOS_LC,2024-02-02 00:00:00,151584.04,63195.41826316130
,,DPA_APP_AFCart_abondaners_iOS,2024-01-31 00:00:00,29987.97,59482.16235867680
,,NDPA_gt-All_t-LA0RRLAudience_ds-Lockdown,2024-02-03 00:00:00,9474.29,35868.23361143410
,,DPA_gt-F_t-AppVisitors_ds-Lockdown,2024-01-31 00:00:00,10020.97,6882.229397451940
,,DPA_APP_AFCart_abondaners_iOS,2024-01-27 00:00:00,29143.13,34522.81877538310
,,DPA_gt-All_t-AppCrossSellKids_ds-Lockdown_D_CBO,2024-02-02 00:00:00,151558.55,476785.81418755300
,,DPA_AppCrossSell_NewArrival_Pur,2024-01-27 00:00:00,126875.43,381187.43428213300
,,DPA_gt-All_t-AppUpsell_ds-Lockdown,2024-01-27 00:00:00,290536.98,1123961.5620898400
,,BI_gt-All_t-AAA_ds-Lockdown_Duplicate,2024-02-01 00:00:00,24884.38,105121.97400681200
,,BI_gt-All_t-AAA_feed_ds-Value,2024-01-29 00:00:00,12185.48,11222.336900207100
,,DPA_AppUpSell_Discounted_Pur,2024-02-01 00:00:00,80474.26,31285.88171494710
,,NDPA_NS_LABBSBuyers_Clearance_Pur,2024-01-27 00:00:00,125514.65,455684.3462684090
,,DPA_AppBBSBuyers_BlackFriday_Pur_Andr,2024-02-02 00:00:00,151414.31,265813.2436588020
,,NDPA_NS_Buyer_Lookalike_F_0-5_OBJ-Pur_Duplicate,2024-01-27 00:00:00,19464.37,64682.33641248650
,,NDPA_NS_Buyers_Lapsed_F_18-65_OBJ-VC_Duplicate_D2,2024-02-01 00:00:00,9998.08,10268.399821032700
,,NDPA_NS_Buyer_Lookalike_M_0-5_OBJ-Pur_Duplicate,2024-01-31 00:00:00,20065.83,51472.32713664320
,,DPA_APP_AFCart_abondaners_iOS,2024-02-03 00:00:00,69393.82,189865.6055026810
,,DPA_AppUpSellFootwear_Pur,2024-02-01 00:00:00,15054.91,47055.08005092770
,,DPA_AppUpSellFootwear_Pur,2024-01-31 00:00:00,15008.76,41698.7407508411
,,NDPA_NS_Buyers_Lapsed_M_18-65_OBJ-VC_Duplicate_iOS_LC,2024-02-01 00:00:00,150702.22,405973.63426670500
,,NDPA_NS_Buyers_Lapsed_M_18-65_OBJ-VC_Duplicate_iOS_LC,2024-01-31 00:00:00,100204.96,191080.83835433700
,,DPA_gt-All_t-AppUpsellKids_ds-Lockdown,2024-02-01 00:00:00,131433.2,84610.97429886420
,,DPA_App_ASC_NonMetro_Pur Campaign,2024-01-28 00:00:00,81853.47,59943.51738174650
,,NDPA_NS_Buyers_Lapsed_F_18-65_OBJ-VC_Duplicate_D2,2024-02-03 00:00:00,9709.39,23252.829327783300
,,DPA_gt-All_t-EB0AppA2C_ds-Lockdown,2024-02-03 00:00:00,77244.12,155898.7617707520
,,DPA_AppBBSBuyers_Clearance_Pur,2024-01-31 00:00:00,60112.81,167871.73166477800
,,DPA_gt-All_t-iOS_VC_Last90days,2024-02-02 00:00:00,451897.06,800842.7793573360
,,DPA_AppBBSBuyers_Clearance_Pur,2024-01-29 00:00:00,60953.43,220784.2905292140
,,DPA_AppUpsellNew_Pur,2024-02-01 00:00:00,180369.31,806677.750266409
,,NDPA_NS_LABBSBuyers_Clearance_Pur,2024-02-03 00:00:00,125441.2,218684.68033031700
,,NDPA_NS_LABuyers_ROI_HunterF_18-65_OBJ-Pur,2024-02-03 00:00:00,19550.79,24086.442314039800
,,BI_gt-All_t-AAA_feed_ds-Value,2024-01-27 00:00:00,11262.55,9697.959458293900
,,BI_gt-All_t-AAA_ds-Lockdown_Duplicate,2024-01-29 00:00:00,12060.1,39510.401802308800
,,DPA_gt-All_t-EB0AppVisitorTraffic_ds-Lockdown_BidCap,2024-01-31 00:00:00,10024.15,24494.508628526300
,,BI_gt-All_t-AAA_feed_ds-Value,2024-01-28 00:00:00,12336.97,14903.053990358500
,,NDPA_NS_Buyers_Lapsed_M_18-65_OBJ-VC_Duplicate,2024-02-01 00:00:00,9988.09,34501.321230207300
,,DPA_AppBBSBuyers_BlackFriday_Pur_Andr,2024-02-03 00:00:00,145728.98,148218.30244602300
,,DPA_App_ASC_NonMetro_Pur Campaign,2024-01-27 00:00:00,77197.71,229812.1245687010
,,DPA_gt-All_t-AppCrossSellKids_ds-Lockdown_D_CBO,2024-01-31 00:00:00,80266.44,228422.26532496600
,,NDPA_NS_LAWinterwearBuyer_Pur,2024-02-03 00:00:00,125882.99,484129.0851262950
,,DPA_AppBBSBuyers_Clearance_Pur,2024-02-02 00:00:00,91180.63,51621.49862449370
,,DPA_APP_AFCart_abondaners_iOS,2024-01-29 00:00:00,30297.68,139002.01915129400
,,DPA_gt-All_t-AppCABuyersList_ds-Lockdown_Duplicate_BidCap,2024-02-02 00:00:00,304335.45,1124524.0179081500
,,NDPA_NS_LAiOSPurchsedGT5000_180D_LC,2024-01-28 00:00:00,20696.13,27810.523822615500
,,DPA_gt-F_t-AppVisitors_ds-Lockdown,2024-02-01 00:00:00,10035.9,11899.910920323400
,,DPA_gt-All_t-AppCrossSellKids_ds-Lockdown_D_CBO,2024-01-28 00:00:00,133935.61,319389.7715911340
,,NDPA_gt-ALL_t-LA0to10LIFETIMEBUYERS_ds-Lockdown_Duplicate,2024-02-03 00:00:00,9729.14,41332.640813405400
,,DPA_gt-All_t-AppCABuyersList_ds-Lockdown_Duplicate_BidCap,2024-02-01 00:00:00,304127.08,1329317.1683307000
,,DPA_App_ASC_NonMetro_Pur Campaign,2024-01-29 00:00:00,61050.45,171764.26662992200
,,DPA_AppUpSellFootwear_Pur,2024-01-29 00:00:00,15223.81,67855.31663987240
,,BI_gt-All_t-AAA_ds-Lockdown_Duplicate,2024-01-28 00:00:00,12037.12,3927.588824240370
,,DPA_AppUpsellNew_Pur,2024-01-31 00:00:00,149635.12,70309.30779522940
,,DPA_APP_AFCart_abondaners_Android,2024-01-30 00:00:00,71249.4,335123.9668082260
,,DPA_AppTrendsBrand_Pur,2024-02-01 00:00:00,121320.48,490665.30894927200
,,NDPA_NS_Buyers_Lapsed_F_18-65_OBJ-VC_Duplicate_D2_iOS_LC,2024-01-31 00:00:00,99967.44,247582.4883156390
,,NDPA_gt-All_t-LA0RRLAudience_ds-Lockdown,2024-01-28 00:00:00,10224.9,40280.691407960500
,,NDPA_NS_LABuyers_ROIHunter_Discounted Bestsellers_Pur,2024-02-03 00:00:00,49306.92,242350.7628410080
,,NDPA_NS_ASC_80%Exis_Obj_Pur Campaign,2024-01-28 00:00:00,185418.23,746997.107487982
,,DPA_gt-All_t-iOS_VC_Last90days,2024-01-31 00:00:00,348466.93,1522149.5877696500
,,NDPA_NS_LAInstalledPurchsed_30D_Pur,2024-02-01 00:00:00,120916.94,480434.3167991870
,,NDPA_NS_LABBSBuyers_Clearance_Pur,2024-01-29 00:00:00,107176.78,119218.67575241400
,,NDPA_NS_LapsedBuyers_ROIHunter_Discounted Bestseller_Pur,2024-01-29 00:00:00,43580.65,188514.50650176000
,,DPA_App_AFBigSaleBuyers_Partywear_Pur,2024-01-31 00:00:00,49931.72,62027.92025818670
,,DPA_gt-F_t-AppA2C_ds-Lockdown,2024-01-28 00:00:00,81707.51,376733.7341719760
,,NDPA_NS_Buyer_Lookalike_F_0-5_OBJ-Pur_Duplicate,2024-01-29 00:00:00,20155.3,50690.480808458700
,,DPA_AppUpSellFootwear_Pur,2024-02-03 00:00:00,14307.08,51067.38611120060
,,NDPA_NS_LAEthnicBuyer_Pur,2024-01-31 00:00:00,70109.12,189390.35822621400
,,NDPA_NS_ASC_80%Exis_Obj_Pur Campaign,2024-01-31 00:00:00,151426.32,114163.02963869600
,,DPA_AppCrossSell_NewArrival_Pur,2024-01-31 00:00:00,100009.87,170417.697436684
,,DPA_gt-All_t-AppCrosssellTraffic_ds-Lockdown,2024-01-29 00:00:00,10193.33,51484.633490618400
,,NDPA_NS_LABuyers_ROI_HunterF_18-65_OBJ-Pur,2024-01-31 00:00:00,20061.52,99097.0390962703
,,DPA_gt-All_t-AppCABuyersList_ds-Lockdown_Duplicate_BidCap,2024-01-31 00:00:00,200740.9,370919.6673027020
,,DPA_AppUpSell_Promoted_Pur,2024-01-31 00:00:00,250149.09,1278636.287262030
,,DPA_AppBBSBuyers_Clearance_Pur,2024-01-30 00:00:00,60973.1,267274.90571084100
,,NDPA_NS_LABuyers_ROIHunter_Discounted Bestsellers_Pur,2024-01-29 00:00:00,50265.4,163390.50753141800
,,DPA_gt-All_t-EB0AppVisitor_ds-Lockdown,2024-01-31 00:00:00,78730.89,38875.50886928350
,,DPA_gt-All_t-AppUpsell_ds-Lockdown,2024-01-29 00:00:00,213387.59,992984.2537084170
,,DPA_gt-All_t-EB0AppVisitorTraffic_ds-Lockdown_BidCap,2024-01-30 00:00:00,10104.34,30232.57298476660
,,DPA_gt-All_t-AppUpsellKids_ds-Lockdown,2024-01-27 00:00:00,96384.02,433169.2770007870
,,NDPA_NS_Buyers_Lapsed_F_18-65_OBJ-VC_Duplicate_D2_iOS_LC,2024-01-29 00:00:00,101265.55,438457.1619427890
,,DPA_APP_AFCart_abondaners_Android,2024-01-29 00:00:00,73284.38,316801.3679159270
,,NDPA_NS_LAInstalledPurchsed_30D_Pur,2024-01-27 00:00:00,146512.11,537955.4849864300
,,NDPA_NS_Buyers_Lapsed_F_18-65_OBJ-VC_Duplicate_D2_iOS_LC,2024-02-03 00:00:00,146652.71,250388.19864815400
,,DPA_gt-All_t-AppUpsell_ds-Lockdown,2024-02-02 00:00:00,283366.03,545039.2460882990
,,NDPA_NS_LAInstallednotPurchsed_15D_Pur,2024-02-01 00:00:00,100489.61,179847.79796781300
,,DPA_gt-All_t-iOS_VC_Last90days,2024-01-30 00:00:00,350663.84,139146.83744123300
,,DPA_AppUpSell_Discounted_Pur,2024-01-28 00:00:00,81234.48,252919.26603403400
,,DPA_gt-All_t-AppCrosssell_ds-Lockdown_BidCap_3,2024-02-02 00:00:00,80473.55,295734.9890364650
,,DPA_AppCrossSell_NewArrival_Pur,2024-01-28 00:00:00,131787.8,582982.3378488850
,,NDPA_NS_LAEthnicBuyer_Pur,2024-01-30 00:00:00,70834.03,69198.63380805770
,,NDPA_gt-All_t-LA0RRLAudience_ds-Lockdown,2024-01-29 00:00:00,10178.54,29803.45481979150
,,DPA_AppTrendsBrand_Pur,2024-01-28 00:00:00,82221.85,27846.432625356000
,,DPA_gt-F_t-AppVisitors_ds-Lockdown,2024-01-27 00:00:00,9409.71,7144.260735416630
,,NDPA_NS_Buyers_Lapsed_F_18-65_OBJ-VC_Duplicate_D2_iOS_LC,2024-01-30 00:00:00,101047.62,56769.47926452730
,,DPA_gt-All_t-EB0AppA2C_ds-Lockdown,2024-01-27 00:00:00,77259.8,293866.1350058800
,,NDPA_NS_LABuyers_ROIHunter_Discounted Bestsellers_Pur,2024-01-31 00:00:00,49983.8,34562.17410915310
,,DPA_gt-All_t-AppCABuyersList_ds-Lockdown_Duplicate_BidCap,2024-02-03 00:00:00,289926.53,1090130.831800800
,,DPA_APP_AFRecent_Inactive_HLTV_Android,2024-01-30 00:00:00,71548.53,107718.65903670100
,,NDPA_NS_Buyer_Lookalike_F_0-5_OBJ-Pur_Duplicate,2024-02-01 00:00:00,19947.06,90535.92129980900
,,BI_gt-All_t-AAA_feed_ds-Value,2024-01-31 00:00:00,12039.66,50891.77650783590
,,NDPA_NS_Buyers_Lapsed_M_18-65_OBJ-VC_Duplicate_iOS_LC,2024-02-02 00:00:00,151159.99,744572.8521499360
,,DPA_gt-All_t-AppCrosssell_ds-Lockdown_BidCap_3,2024-01-31 00:00:00,173671.18,793334.029076944
,,NDPA_NS_LAInstalledPurchsed_30D_Pur,2024-02-02 00:00:00,121451.2,583864.9073715800
,,NDPA_NS_Buyers_Lapsed_M_18-65_OBJ-VC_Duplicate_iOS_LC,2024-01-30 00:00:00,100795.18,448255.7412563670
,,NDPA_NS_LA_NikePumaAdidasBuyerL90D_Pur,2024-02-03 00:00:00,48955.01,178617.51269619800
,,DPA_AppUpSell_Discounted_Pur,2024-01-31 00:00:00,50007.08,56120.261221440100
,,DPA_AppUpSellKidsTshirt299_Pur,2024-01-28 00:00:00,10444.76,16838.82408057440
,,DPA_gt-All_t-iOS_VC_Last90days,2024-01-27 00:00:00,394167.89,523194.63699651200
,,BI_gt-All_t-AAA_ds-Lockdown_Duplicate,2024-02-02 00:00:00,25106.35,80715.55284855890
,,DPA_AppCrossSell_NewArrival_Pur,2024-02-01 00:00:00,130835.1,357464.07006179700
,,NDPA_NS_Buyers_Lapsed_M_18-65_OBJ-VC_Duplicate,2024-02-03 00:00:00,9749.85,43752.058602680700
,,DPA_AppUpsellNew_Pur,2024-01-28 00:00:00,181454.98,889278.2387573050
,,DPA_gt-All_t-iOS_VC_Last90days,2024-01-28 00:00:00,400305.39,902777.7858812900
,,NDPA_NS_ASC_100%New_Obj_Pur,2024-01-31 00:00:00,100525.12,275977.617442764
,,DPA_gt-All_t-iOS_VC_Last90days,2024-02-03 00:00:00,445598.32,2224347.7797777300
,,DPA_AppCrossSell_NewArrival_Pur,2024-02-02 00:00:00,130869.79,213849.4942379270
,,DPA_gt-F_t-AppA2C_ds-Lockdown,2024-02-01 00:00:00,80412.88,331844.4118190690
,,DPA_gt-All_t-AppCrosssell_ds-Lockdown_BidCap_3,2024-01-30 00:00:00,216402.22,300316.3584021820
,,DPA_AppUpSell_Discounted_Pur,2024-01-30 00:00:00,50504.36,181362.698844604
,,NDPA_gt-ALL_t-LA0to10LIFETIMEBUYERS_ds-Lockdown_Duplicate,2024-01-29 00:00:00,10104.17,15406.904026627200
,,DPA_gt-All_t-AppCrosssellTraffic_ds-Lockdown,2024-02-03 00:00:00,9266.47,42328.17151291800
,,DPA_AppUpSellKidsTshirt299_Pur,2024-01-31 00:00:00,10068.81,30323.13670476090
,,NDPA_NS_LAInstalledPurchsed_30D_Pur,2024-01-30 00:00:00,100950.28,120932.82184726200
,,DPA_AppCrossSell_NewArrival_Pur,2024-01-29 00:00:00,100783.62,139440.61201552200
,,NDPA_NS_LAEthnicBuyer_Pur,2024-02-03 00:00:00,117447.21,315344.10550075800
,,NDPA_NS_ASC_100%New_Obj_Pur,2024-01-27 00:00:00,93722.79,463360.08956124200
,,DPA_gt-All_t-EB0AppVisitorTraffic_ds-Lockdown_BidCap,2024-02-02 00:00:00,9967.98,40040.33144490330
,,DPA_gt-All_t-EB0AppVisitor_ds-Lockdown,2024-01-29 00:00:00,81612.14,216944.10914467900
,,NDPA_gt-ALL_t-LA0to10LIFETIMEBUYERS_ds-Lockdown_Duplicate,2024-01-31 00:00:00,10000.83,19311.34690961890
,,DPA_AppUpSell_Discounted_Pur,2024-02-02 00:00:00,80629.63,238069.20848229800
,,DPA_AppUpSell_Promoted_Pur,2024-02-02 00:00:00,302254.82,1183061.5121654600
,,DPA_APP_AFCart_abondaners_iOS,2024-02-01 00:00:00,68056.11,278069.767747678
,,DPA_gt-All_t-AppCrosssell_ds-Lockdown_BidCap_3,2024-01-29 00:00:00,285430.73,533087.4321623570
,,NDPA_NS_LAInstalledPurchsed_30D_Pur,2024-01-31 00:00:00,100253.52,379234.2902956670
,,NDPA_NS_LAInstalledPurchsed_30D_Pur,2024-01-29 00:00:00,107353.86,373238.52161972100
,,DPA_AppBBSBuyers_Clearance_Pur,2024-02-03 00:00:00,87259.39,430356.2155318640
,,DPA_gt-All_t-AppCrosssell_ds-Lockdown_BidCap_2_LC_iOS,2024-01-27 00:00:00,19293.24,92541.75738772720
,,NDPA_NS_ASC_80%Exis_Obj_Pur Campaign,2024-01-30 00:00:00,153613.98,631693.484935081
,,NDPA_NS_Buyers_Lapsed_M_18-65_OBJ-VC_Duplicate,2024-01-29 00:00:00,10089.43,38274.74270681360
,,NDPA_NS_Buyers_Lapsed_F_18-65_OBJ-VC_Duplicate_D2,2024-01-27 00:00:00,9690.34,15731.794552276500
,,NDPA_NS_Buyers_Lapsed_M_18-65_OBJ-VC_Duplicate,2024-01-27 00:00:00,9697.21,42527.00327127400
,,DPA_App_ASC_NonMetro_Pur Campaign,2024-01-31 00:00:00,60349.07,142700.68208054600
,,DPA_AppUpSellKidsTshirt299_Pur,2024-01-27 00:00:00,9101.23,14696.241207579500
,,DPA_gt-All_t-AppUpsellKids_ds-Lockdown,2024-02-02 00:00:00,131688.52,283822.823864498
,,DPA_AppUpSellKidsTshirt299_Pur,2024-01-29 00:00:00,10194.66,44214.760069462100
,,NDPA_NS_LAInstalledPurchsed_30D_Pur,2024-01-28 00:00:00,151829.33,154532.86792372900
,,NDPA_NS_LapsedBuyers_ROIHunter_Discounted Bestseller_Pur,2024-01-30 00:00:00,40560.94,101522.58712053000
,,DPA_AppUpSellFootwear_Pur,2024-02-02 00:00:00,14897.4,39891.99570790190
,,DPA_gt-F_t-AppA2C_ds-Lockdown,2024-01-30 00:00:00,50440.7,24055.107566982700
,,DPA_gt-All_t-AppUpsellKids_ds-Lockdown,2024-02-03 00:00:00,124977.31,155638.26290405100
,,DPA_APP_AFCart_abondaners_Android,2024-01-31 00:00:00,70348.16,301980.32283014300
,,DPA_gt-All_t-AppCrossSellKids_ds-Lockdown_D_CBO,2024-02-01 00:00:00,152171.16,656176.0784767950
,,NDPA_gt-All_t-LA0RRLAudience_ds-Lockdown,2024-02-02 00:00:00,9981.48,17090.128857333800
,,DPA_APPAFInstalled_notactive_And30D,2024-01-29 00:00:00,51900.68,234861.5841854720
,,NDPA_NS_LAWinterwearBuyer_Pur,2024-01-27 00:00:00,125319.35,504690.32989145400
,,DPA_gt-All_t-AppCrosssell_ds-Lockdown_BidCap_2_LC_iOS,2024-02-01 00:00:00,19972.17,46300.17277490970
,,DPA_gt-M_t-AppA2C_ds-Lockdown_D_CBO,2024-01-31 00:00:00,50173.37,196395.5980157590
,,DPA_gt-All_t-AppCrossSellKids_ds-Lockdown_D_CBO,2024-02-03 00:00:00,144416.4,713799.8931256610
,,DPA_AppUpSellKidsTshirt299_Pur,2024-02-02 00:00:00,9800.6,24663.598356583100
,,DPA_App_AFBigSaleBuyers_Partywear_Pur,2024-01-28 00:00:00,81383.83,118125.02295834100
,,DPA_APP_AFCart_abondaners_Android,2024-01-27 00:00:00,96888.56,469753.5942895710
,,NDPA_NS_ASC_100%New_Obj_Pur,2024-02-03 00:00:00,93876.21,301878.7795393570
,,NDPA_NS_LAInstallednotPurchsed_15D_Pur,2024-01-30 00:00:00,81099.26,65557.84999427370
,,NDPA_gt-ALL_t-LA0to10LIFETIMEBUYERS_ds-Lockdown_Duplicate,2024-01-28 00:00:00,10121.21,31028.62902168590
,,DPA_gt-M_t-AppA2C_ds-Lockdown_D_CBO,2024-02-03 00:00:00,78125.97,212306.9981947670
,,DPA_AppUpSell_Discounted_Pur,2024-01-29 00:00:00,51940.15,230196.91385047700
,,NDPA_NS_Buyer_Lookalike_M_0-5_OBJ-Pur_Duplicate,2024-01-30 00:00:00,20263.86,58013.997840895800
,,DPA_APP_AFCart_abondaners_Android,2024-02-02 00:00:00,101229.18,155145.32619945200
,,DPA_AppUpSell_Promoted_Pur,2024-01-29 00:00:00,254549.64,906945.7573904350
,,DPA_gt-All_t-AppCrosssellTraffic_ds-Lockdown,2024-02-02 00:00:00,9939.51,29026.386651769900
,,NDPA_NS_Buyers_Lapsed_F_18-65_OBJ-VC_Duplicate_D2,2024-01-31 00:00:00,10012.95,14273.07272287470
,,DPA_gt-All_t-EB0AppVisitor_ds-Lockdown,2024-01-30 00:00:00,79041.49,242678.51617706500
,,NDPA_gt-ALL_t-LA0to10LIFETIMEBUYERS_ds-Lockdown_Duplicate,2024-02-02 00:00:00,9988.48,42625.92141110560
,,NDPA_NS_LABBSBuyers_Clearance_Pur,2024-02-01 00:00:00,132899.87,58207.46475668260
,,DPA_gt-All_t-AppCrossSellKids_ds-Lockdown_D_CBO,2024-01-27 00:00:00,125550.2,420168.8128178000
,,DPA_gt-F_t-AppA2C_ds-Lockdown,2024-01-29 00:00:00,52708.03,104798.32728583
,,DPA_AppUpSellFootwear_Pur,2024-01-30 00:00:00,15173.41,25998.45328593840
,,NDPA_NS_Buyers_Lapsed_F_18-65_OBJ-VC_Duplicate_D2_iOS_LC,2024-01-27 00:00:00,95302.97,209281.11186605700
,,DPA_gt-All_t-EB0AppA2C_ds-Lockdown,2024-01-30 00:00:00,60798.22,118663.3974535400
,,NDPA_NS_LA_NikePumaAdidasBuyerL90D_Pur,2024-01-27 00:00:00,48899.02,211204.63395166700
,,NDPA_NS_Buyer_Lookalike_M_0-5_OBJ-Pur_Duplicate,2024-02-03 00:00:00,19046.48,30990.590959717900
,,NDPA_NS_LAEthnicBuyer_Pur,2024-02-01 00:00:00,120262.83,461890.4782698320
,,DPA_APPAFInstalled_notactive_And30D,2024-02-02 00:00:00,81379.05,61380.20613382770
,,NDPA_gt-ALL_t-LA0to10LIFETIMEBUYERS_ds-Lockdown_Duplicate,2024-01-30 00:00:00,10066.59,49272.49076150800
,,NDPA_NS_LABuyers_ROI_HunterF_18-65_OBJ-Pur,2024-01-28 00:00:00,20161.66,66642.4345121458
,,DPA_AppUpSell_Discounted_Pur,2024-01-27 00:00:00,77657.51,288343.3650151620
,,DPA_gt-All_t-AppCrosssell_ds-Lockdown_BidCap_2_LC_iOS,2024-02-02 00:00:00,20038.91,34854.58768631790
,,DPA_AppUpSellKidsTshirt299_Pur,2024-01-30 00:00:00,10223.12,23412.696420018100
,,DPA_APP_AFCart_abondaners_Android,2024-02-01 00:00:00,100827.02,139212.9843698330
,,NDPA_NS_LAiOSPurchsedGT5000_180D_LC,2024-01-29 00:00:00,20535.82,98645.29107004180
,,NDPA_NS_Buyers_Lapsed_F_18-65_OBJ-VC_Duplicate_D2,2024-02-02 00:00:00,9954.86,26452.47550911290
,,NDPA_NS_LABuyers_ROIHunter_Discounted Bestsellers_Pur,2024-02-02 00:00:00,50085.3,167519.00826732600
,,DPA_gt-All_t-EB0AppVisitorTraffic_ds-Lockdown_BidCap,2024-01-27 00:00:00,9548.63,36724.78907511170
,,BI_gt-All_t-AAA_feed_ds-Value,2024-02-02 00:00:00,25297.11,52926.934950393200
,,NDPA_NS_LapsedBuyers_ROIHunter_Discounted Bestseller_Pur,2024-02-02 00:00:00,60809.22,229715.66099798500
,,NDPA_NS_Buyers_Lapsed_M_18-65_OBJ-VC_Duplicate,2024-01-31 00:00:00,10026.2,35739.64604421740
,,DPA_gt-All_t-AppUpsellKids_ds-Lockdown,2024-01-30 00:00:00,71264.37,264240.99927929000
,,NDPA_NS_Buyer_Lookalike_F_0-5_OBJ-Pur_Duplicate,2024-01-30 00:00:00,20171.48,53710.147645822000
,,DPA_gt-All_t-AppCrosssell_ds-Lockdown,2024-01-30 00:00:00,416186.48,894530.6264678500
FBA_gt-Kids_CA0AllTimeBuyers_Dup_Gen_CPI_Set_4Ever,FBA_LA_HighLTV_AF_All_Pur,FBA_LA_HighLTV_AF_Pur,2024-02-01 00:00:00,2627.13,3605.787154494537
StreetStyle,NV_gt_All_Opentargeting_AjioGrm_VC_Video,NV_gt_All_Opentargeting_AjioGrm_VC_Video,2024-01-27 00:00:00,4703.41,20142.046852290343
AJIOMANIA,FBA_LA_HighLTV_AF_All_Pur,FBA_LA_HighLTV_AF_Pur,2024-02-02 00:00:00,26948.99,87259.59417236745
StreetStyle,NV_gt_All_Opentargeting_AjioGrm_VC_Video,NV_gt_All_Opentargeting_AjioGrm_VC_Video,2024-02-02 00:00:00,4983.54,12189.469993672874
Ajiogram,NV_gt_All_Opentargeting_AjioGrm_VC_Video,NV_gt_All_Opentargeting_AjioGrm_VC_Video,2024-01-29 00:00:00,10065.49,48907.3693614855
NV_gt-M_t-VIEW0RBL0Upsell_td-0to45D_a-1845_bk-RBL_dt-300422_ds-reg_bs-CPT,NV_gt_All_Opentargeting_AjioGrm_VC_Video,NV_gt_All_Opentargeting_AjioGrm_VC_Video,2024-02-02 00:00:00,29929.41,15893.470027075995
StreetStyle,NV_gt_All_Opentargeting_AjioGrm_VC_Video,NV_gt_All_Opentargeting_AjioGrm_VC_Video,2024-02-03 00:00:00,4714.57,20771.472490620465
FBA_gt-M_CA0AllTimeBuyers_Dup_Gen_CPI_Set_4Ever,FBA_LA_HighLTV_AF_All_Pur,FBA_LA_HighLTV_AF_Pur,2024-01-29 00:00:00,5343.66,27347.283089921748
NV_gt-M_t-VIEW0RBL0Upsell_td-0to45D_a-1845_bk-RBL_dt-270422_ds-4Ever_bs-CPT,NV_gt_All_Opentargeting_AjioGrm_VC_Video,NV_gt_All_Opentargeting_AjioGrm_VC_Video,2024-01-28 00:00:00,6675.28,30595.354047590015
NV_gt-M_t-VIEW0RBL0Upsell_td-0to45D_a-1845_bk-RBL_dt-270422_ds-Fashionashion_bs-CPT,NV_gt_All_Opentargeting_AjioGrm_VC_Video,NV_gt_All_Opentargeting_AjioGrm_VC_Video,2024-01-30 00:00:00,30549.29,128731.86845085729
FBA_gt-M_CA0AllTimeBuyers_Dup_Gen_CPI_Set_4Ever,FBA_LA_HighLTV_AF_All_Pur,FBA_LA_HighLTV_AF_Pur,2024-02-02 00:00:00,9188.54,19366.37566997576
NV_gt-M_t-VIEW0RBL0Upsell_td-0to45D_a-1845_bk-RBL_dt-270422_ds-4Ever_bs-CPT,NV_gt_All_Opentargeting_AjioGrm_VC_Video,NV_gt_All_Opentargeting_AjioGrm_VC_Video,2024-01-27 00:00:00,7650.08,10840.961392232988
4Ever,FBA_LA_HighLTV_AF_All_Pur,FBA_LA_HighLTV_AF_Pur,2024-01-29 00:00:00,151894.89,584624.1624583071
FBA_gt-All_t-AAA_dt-NA_a-NA_bk-MIX_ad-F_os-a_dt-040621_ds-NA_bs-CPI_ps-AllProducts_Duplicate,FBA_LA_HighLTV_AF_All_Pur,FBA_LA_HighLTV_AF_Pur,2024-01-30 00:00:00,15083.87,26712.183567877335
NV_gt-M_t-VIEW0RBL0Upsell_td-0to45D_a-1845_bk-RBL_dt-270422_ds-4Ever_bs-CPT,NV_gt_All_Opentargeting_AjioGrm_VC_Video,NV_gt_All_Opentargeting_AjioGrm_VC_Video,2024-02-03 00:00:00,17123.85,19695.2134860993
FBA_gt-F_CA0AllTimeBuyers_Dup_Gen_CPI_Set_4Ever,FBA_LA_HighLTV_AF_All_Pur,FBA_LA_HighLTV_AF_Pur,2024-01-31 00:00:00,6070.48,24879.456621304496
4Ever,FBA_LA_HighLTV_AF_All_Pur,FBA_LA_HighLTV_AF_Pur,2024-02-01 00:00:00,251317.07,454731.1903620305
AJIOMANIA,FBA_LA_HighLTV_AF_All_Pur,FBA_LA_HighLTV_AF_Pur,2024-02-01 00:00:00,14991.35,70702.01768790334
4Ever,FBA_LA_HighLTV_AF_All_Pur,FBA_LA_HighLTV_AF_Pur,2024-01-31 00:00:00,150173.31,654715.8841591913
FBA_gt-M_CA0AllTimeBuyers_Dup_Gen_CPI_Set_4Ever,FBA_LA_HighLTV_AF_All_Pur,FBA_LA_HighLTV_AF_Pur,2024-01-28 00:00:00,5333.65,23433.80784461628
NV_gt-M_t-VIEW0RBL0Upsell_td-0to45D_a-1845_bk-RBL_dt-270422_ds-Fashionashion_bs-CPT,NV_gt_All_Opentargeting_AjioGrm_VC_Video,NV_gt_All_Opentargeting_AjioGrm_VC_Video,2024-01-28 00:00:00,39527.86,159147.23496829465
Ajiogram,NV_gt_All_Opentargeting_AjioGrm_VC_Video,NV_gt_All_Opentargeting_AjioGrm_VC_Video,2024-01-31 00:00:00,10020.36,45633.84183285527
NV_gt-F_t-VIEW0RBL0Upsell_td-0to45D_a-1845_bk-RBL_dt-270422_ds-Fashionashion_bs-CPT,NV_gt_All_Opentargeting_AjioGrm_VC_Video,NV_gt_All_Opentargeting_AjioGrm_VC_Video,2024-01-31 00:00:00,18010.99,75488.71910755664
Ajiogram,NV_gt_All_Opentargeting_AjioGrm_VC_Video,NV_gt_All_Opentargeting_AjioGrm_VC_Video,2024-01-27 00:00:00,8744.29,28067.045438824964
FBA_gt-All_t-CA0AllTimeBuyers_Dup_Gen_CPI_Set_4Ever,FBA_LA_HighLTV_AF_All_Pur,FBA_LA_HighLTV_AF_Pur,2024-02-03 00:00:00,27926.18,48274.32901134361
FBA_gt-All_t-AAA_dt-NA_a-NA_bk-MIX_ad-F_os-a_dt-040621_ds-NA_bs-CPI_ps-AllProducts_Duplicate,FBA_LA_HighLTV_AF_All_Pur,FBA_LA_HighLTV_AF_Pur,2024-02-02 00:00:00,98404.18,451626.0433231153
FBA_gt-All_t-AAA_dt-NA_a-NA_bk-MIX_ad-F_os-a_dt-050422_ds-Value_bs-CPI_ps-NewYear,FBA_LA_HighLTV_AF_All_Pur,FBA_LA_HighLTV_AF_Pur,2024-02-01 00:00:00,151147.21,658940.6458212993
FBA_gt-Kids_CA0AllTimeBuyers_Dup_Gen_CPI_Set_4Ever,FBA_LA_HighLTV_AF_All_Pur,FBA_LA_HighLTV_AF_Pur,2024-02-02 00:00:00,2167.72,5600.769409465104
StreetStyle,NV_gt_All_Opentargeting_AjioGrm_VC_Video,NV_gt_All_Opentargeting_AjioGrm_VC_Video,2024-01-28 00:00:00,5103.56,2494.2417688570335
Ajiogrm,NV_gt_All_Opentargeting_AjioGrm_VC_Video,NV_gt_All_Opentargeting_AjioGrm_VC_Video,2024-02-01 00:00:00,10043.03,33983.31311159386
NV_gt-F_t-VIEW0RBL0Upsell_td-0to45D_a-1845_bk-RBL_dt-270422_ds-Fashionashion_bs-CPT,NV_gt_All_Opentargeting_AjioGrm_VC_Video,NV_gt_All_Opentargeting_AjioGrm_VC_Video,2024-01-28 00:00:00,25357.49,13803.387307082216
FBA_gt-Kids_CA0AllTimeBuyers_Dup_Gen_CPI_Set_4Ever,FBA_LA_HighLTV_AF_All_Pur,FBA_LA_HighLTV_AF_Pur,2024-02-03 00:00:00,1819.51,8685.174158309459
NV_gt-M_t-VIEW0RBL0Upsell_td-0to45D_a-1845_bk-RBL_dt-270422_ds-Fashionashion_bs-CPT,NV_gt_All_Opentargeting_AjioGrm_VC_Video,NV_gt_All_Opentargeting_AjioGrm_VC_Video,2024-01-31 00:00:00,28627.61,141537.3005364205
4Ever,FBA_LA_HighLTV_AF_All_Pur,FBA_LA_HighLTV_AF_Pur,2024-01-27 00:00:00,144067.6,175059.43800190376
Ajiogram,NV_gt_All_Opentargeting_AjioGrm_VC_Video,NV_gt_All_Opentargeting_AjioGrm_VC_Video,2024-01-28 00:00:00,10060.35,35880.66092016465
NV_gt-F_t-VIEW0RBL0Upsell_td-0to45D_a-1845_bk-RBL_dt-270422_ds-4Ever_bs-CPT,NV_gt_All_Opentargeting_AjioGrm_VC_Video,NV_gt_All_Opentargeting_AjioGrm_VC_Video,2024-02-01 00:00:00,10956.03,8168.839825021774
FBA_gt-M_CA0AllTimeBuyers_Dup_Gen_CPI_Set_4Ever,FBA_LA_HighLTV_AF_All_Pur,FBA_LA_HighLTV_AF_Pur,2024-02-03 00:00:00,8550.79,32690.6551699546
Ajiogrm,NV_gt_All_Opentargeting_AjioGrm_VC_Video,NV_gt_All_Opentargeting_AjioGrm_VC_Video,2024-02-02 00:00:00,9973.18,19718.816477398657
NV_gt-M_t-VIEW0RBL0Upsell_td-0to45D_a-1845_bk-RBL_dt-270422_ds-4Ever_bs-CPT,NV_gt_All_Opentargeting_AjioGrm_VC_Video,NV_gt_All_Opentargeting_AjioGrm_VC_Video,2024-02-02 00:00:00,15841.48,56855.87123377508
FBA_gt-All_t-AAA_dt-NA_a-NA_bk-MIX_ad-F_os-a_dt-040621_ds-NA_bs-CPI_ps-AllProducts_Duplicate,FBA_LA_HighLTV_AF_All_Pur,FBA_LA_HighLTV_AF_Pur,2024-02-03 00:00:00,94591.07,198713.3943415718
NV_gt-F_t-VIEW0RBL0Upsell_td-0to45D_a-1845_bk-RBL_dt-270422_ds-4Ever_bs-CPT,NV_gt_All_Opentargeting_AjioGrm_VC_Video,NV_gt_All_Opentargeting_AjioGrm_VC_Video,2024-01-30 00:00:00,6631.78,6651.681747665242
Ajiogrm,NV_gt_All_Opentargeting_AjioGrm_VC_Video,NV_gt_All_Opentargeting_AjioGrm_VC_Video,2024-01-27 00:00:00,9189.92,20780.796879471305
FBA_gt-All_t-AAA_dt-NA_a-NA_bk-MIX_ad-F_os-a_dt-050422_ds-Value_bs-CPI_ps-AllProducts_AJIOMANIA,FBA_LA_HighLTV_AF_All_Pur,FBA_LA_HighLTV_AF_Pur,2024-02-03 00:00:00,5741.49,4846.640824976913
4Ever,FBA_LA_HighLTV_AF_All_Pur,FBA_LA_HighLTV_AF_Pur,2024-01-30 00:00:00,151592.38,467812.4364753912
FBA_gt-F_CA0AllTimeBuyers_Dup_Gen_CPI_Set_4Ever,FBA_LA_HighLTV_AF_All_Pur,FBA_LA_HighLTV_AF_Pur,2024-01-30 00:00:00,5841.37,2907.6619651514056
NV_gt-M_t-VIEW0RBL0Upsell_td-0to45D_a-1845_bk-RBL_dt-300422_ds-reg_bs-CPT,NV_gt_All_Opentargeting_AjioGrm_VC_Video,NV_gt_All_Opentargeting_AjioGrm_VC_Video,2024-02-01 00:00:00,32309.19,91972.23333124266
Ajiogrm,NV_gt_All_Opentargeting_AjioGrm_VC_Video,NV_gt_All_Opentargeting_AjioGrm_VC_Video,2024-02-03 00:00:00,9485.17,43447.88260662402
StreetStyle,NV_gt_All_Opentargeting_AjioGrm_VC_Video,NV_gt_All_Opentargeting_AjioGrm_VC_Video,2024-02-01 00:00:00,5002.57,21743.216527386976
AJIOMANIA,FBA_LA_HighLTV_AF_All_Pur,FBA_LA_HighLTV_AF_Pur,2024-01-31 00:00:00,8502.01,38797.13013347957
FBA_gt-All_t-AAA_dt-NA_a-NA_bk-MIX_ad-F_os-a_dt-040621_ds-NA_bs-CPI_ps-AllProducts_Duplicate,FBA_LA_HighLTV_AF_All_Pur,FBA_LA_HighLTV_AF_Pur,2024-01-27 00:00:00,14590.13,69345.79313513995
FBA_gt-All_t-AAA_dt-NA_a-NA_bk-MIX_ad-F_os-a_dt-050422_ds-Value_bs-CPI_ps-NewYear,FBA_LA_HighLTV_AF_All_Pur,FBA_LA_HighLTV_AF_Pur,2024-01-28 00:00:00,81449.94,65551.31860959256
FBA_gt-Kids_CA0AllTimeBuyers_Dup_Gen_CPI_Set_4Ever,FBA_LA_HighLTV_AF_All_Pur,FBA_LA_HighLTV_AF_Pur,2024-01-28 00:00:00,1359.4,1253.0531801274926
FBA_gt-Kids_CA0AllTimeBuyers_Dup_Gen_CPI_Set_4Ever,FBA_LA_HighLTV_AF_All_Pur,FBA_LA_HighLTV_AF_Pur,2024-01-27 00:00:00,1167.07,3489.5370677210562
NV_gt-F_t-VIEW0RBL0Upsell_td-0to45D_a-1845_bk-RBL_dt-270422_ds-4Ever_bs-CPT,NV_gt_All_Opentargeting_AjioGrm_VC_Video,NV_gt_All_Opentargeting_AjioGrm_VC_Video,2024-01-28 00:00:00,10878.24,50228.47415023148
FBA_gt-All_t-AAA_dt-NA_a-NA_bk-MIX_ad-F_os-a_dt-050422_ds-Value_bs-CPI_ps-NewYear,FBA_LA_HighLTV_AF_All_Pur,FBA_LA_HighLTV_AF_Pur,2024-01-31 00:00:00,80354.43,402214.481265297
FBA_gt-F_CA0AllTimeBuyers_Dup_Gen_CPI_Set_4Ever,FBA_LA_HighLTV_AF_All_Pur,FBA_LA_HighLTV_AF_Pur,2024-02-03 00:00:00,10853.85,5681.0833604200325
NV_gt-F_t-VIEW0RBL0Upsell_td-0to45D_a-1845_bk-RBL_dt-270422_ds-4Ever_bs-CPT,NV_gt_All_Opentargeting_AjioGrm_VC_Video,NV_gt_All_Opentargeting_AjioGrm_VC_Video,2024-01-31 00:00:00,6832.02,13788.16825586431
StreetStyle,NV_gt_All_Opentargeting_AjioGrm_VC_Video,NV_gt_All_Opentargeting_AjioGrm_VC_Video,2024-01-31 00:00:00,5022.17,6670.182371696521
FBA_gt-F_CA0AllTimeBuyers_Dup_Gen_CPI_Set_4Ever,FBA_LA_HighLTV_AF_All_Pur,FBA_LA_HighLTV_AF_Pur,2024-02-02 00:00:00,11747.36,46412.02327649618
FBA_gt-All_t-AAA_dt-NA_a-NA_bk-MIX_ad-F_os-a_dt-050422_ds-Value_bs-CPI_ps-AllProducts_AJIOMANIA,FBA_LA_HighLTV_AF_All_Pur,FBA_LA_HighLTV_AF_Pur,2024-02-02 00:00:00,4734.51,16058.22744466199
FBA_gt-All_t-CA0AllTimeBuyers_Dup_Gen_CPI_Set_4Ever,FBA_LA_HighLTV_AF_All_Pur,FBA_LA_HighLTV_AF_Pur,2024-01-31 00:00:00,13202.96,11605.203549701271
FBA_gt-All_t-AAA_dt-NA_a-NA_bk-MIX_ad-F_os-a_dt-040621_ds-NA_bs-CPI_ps-AllProducts_Duplicate,FBA_LA_HighLTV_AF_All_Pur,FBA_LA_HighLTV_AF_Pur,2024-01-29 00:00:00,15115.08,39829.93299997903
FBA_gt-All_t-AAA_dt-NA_a-NA_bk-MIX_ad-F_os-a_dt-040621_ds-NA_bs-CPI_ps-AllProducts_Duplicate_AJIOMANIA,FBA_LA_HighLTV_AF_All_Pur,FBA_LA_HighLTV_AF_Pur,2024-02-02 00:00:00,2050.19,7401.7054906612
NV_gt-M_t-VIEW0RBL0Upsell_td-0to45D_a-1845_bk-RBL_dt-270422_ds-4Ever_bs-CPT,NV_gt_All_Opentargeting_AjioGrm_VC_Video,NV_gt_All_Opentargeting_AjioGrm_VC_Video,2024-01-30 00:00:00,5033.19,20445.390800196867
FBA_gt-Kids_CA0AllTimeBuyers_Dup_Gen_CPI_Set_4Ever,FBA_LA_HighLTV_AF_All_Pur,FBA_LA_HighLTV_AF_Pur,2024-01-30 00:00:00,1578.01,626.2209215649572
FBA_gt-All_t-AAA_dt-NA_a-NA_bk-MIX_ad-F_os-a_dt-050422_ds-Value_bs-CPI_ps-NewYear,FBA_LA_HighLTV_AF_All_Pur,FBA_LA_HighLTV_AF_Pur,2024-02-02 00:00:00,147169.34,677040.3103143255
NV_gt-F_t-VIEW0RBL0Upsell_td-0to45D_a-1845_bk-RBL_dt-270422_ds-4Ever_bs-CPT,NV_gt_All_Opentargeting_AjioGrm_VC_Video,NV_gt_All_Opentargeting_AjioGrm_VC_Video,2024-02-02 00:00:00,11048.6,33690.23848657634
NV_gt-F_t-VIEW0RBL0Upsell_td-0to45D_a-1845_bk-RBL_dt-270422_ds-4Ever_bs-CPT,NV_gt_All_Opentargeting_AjioGrm_VC_Video,NV_gt_All_Opentargeting_AjioGrm_VC_Video,2024-01-27 00:00:00,11008.91,46468.81226307679
NV_gt-F_t-VIEW0RBL0Upsell_td-0to45D_a-1845_bk-RBL_dt-270422_ds-4Ever_bs-CPT,NV_gt_All_Opentargeting_AjioGrm_VC_Video,NV_gt_All_Opentargeting_AjioGrm_VC_Video,2024-01-29 00:00:00,7648.46,32137.6095361825
Ajiogram,NV_gt_All_Opentargeting_AjioGrm_VC_Video,NV_gt_All_Opentargeting_AjioGrm_VC_Video,2024-02-02 00:00:00,9978.32,12142.326543519568
NV_gt-F_t-VIEW0RBL0Upsell_td-0to45D_a-1845_bk-RBL_dt-300422_ds-reg_bs-CPT,NV_gt_All_Opentargeting_AjioGrm_VC_Video,NV_gt_All_Opentargeting_AjioGrm_VC_Video,2024-01-31 00:00:00,319.7,266.0105872271507
FBA_gt-All_t-CA0AllTimeBuyers_Dup_Gen_CPI_Set_4Ever,FBA_LA_HighLTV_AF_All_Pur,FBA_LA_HighLTV_AF_Pur,2024-01-28 00:00:00,12479.67,47215.221970963954
FBA_gt-Kids_CA0AllTimeBuyers_Dup_Gen_CPI_Set_4Ever,FBA_LA_HighLTV_AF_All_Pur,FBA_LA_HighLTV_AF_Pur,2024-01-31 00:00:00,1532.53,1617.501416487678
NV_gt-M_t-VIEW0RBL0Upsell_td-0to45D_a-1845_bk-RBL_dt-270422_ds-Fashionashion_bs-CPT,NV_gt_All_Opentargeting_AjioGrm_VC_Video,NV_gt_All_Opentargeting_AjioGrm_VC_Video,2024-01-29 00:00:00,31655.65,139432.754316065
Ajiogrm,NV_gt_All_Opentargeting_AjioGrm_VC_Video,NV_gt_All_Opentargeting_AjioGrm_VC_Video,2024-01-30 00:00:00,10129.75,38564.42113665988
FBA_gt-All_t-AAA_dt-NA_a-NA_bk-MIX_ad-F_os-a_dt-050422_ds-Value_bs-CPI_ps-NewYear,FBA_LA_HighLTV_AF_All_Pur,FBA_LA_HighLTV_AF_Pur,2024-01-27 00:00:00,75812.41,330958.72863292467
FBA_gt-All_t-AAA_dt-NA_a-NA_bk-MIX_ad-F_os-a_dt-040621_ds-NA_bs-CPI_ps-AllProducts_Duplicate,FBA_LA_HighLTV_AF_All_Pur,FBA_LA_HighLTV_AF_Pur,2024-02-01 00:00:00,98528.39,171838.0596062522
4Ever,FBA_LA_HighLTV_AF_All_Pur,FBA_LA_HighLTV_AF_Pur,2024-02-02 00:00:00,239738.77,438475.6552927365
NV_gt-F_t-VIEW0RBL0Upsell_td-0to45D_a-1845_bk-RBL_dt-300422_ds-reg_bs-CPT,NV_gt_All_Opentargeting_AjioGrm_VC_Video,NV_gt_All_Opentargeting_AjioGrm_VC_Video,2024-02-03 00:00:00,20370.88,72145.19552813547
FBA_gt-All_t-CA0AllTimeBuyers_Dup_Gen_CPI_Set_4Ever,FBA_LA_HighLTV_AF_All_Pur,FBA_LA_HighLTV_AF_Pur,2024-01-27 00:00:00,13945.03,6301.263978990559
Ajiogram,NV_gt_All_Opentargeting_AjioGrm_VC_Video,NV_gt_All_Opentargeting_AjioGrm_VC_Video,2024-01-30 00:00:00,10061.48,38319.44423202043
FBA_gt-All_t-CA0AllTimeBuyers_Dup_Gen_CPI_Set_4Ever,FBA_LA_HighLTV_AF_All_Pur,FBA_LA_HighLTV_AF_Pur,2024-01-30 00:00:00,12549.1,54416.84909206691
Ajiogram,NV_gt_All_Opentargeting_AjioGrm_VC_Video,NV_gt_All_Opentargeting_AjioGrm_VC_Video,2024-02-03 00:00:00,9837.41,22675.064162126182
FBA_gt-All_t-CA0AllTimeBuyers_Dup_Gen_CPI_Set_4Ever,FBA_LA_HighLTV_AF_All_Pur,FBA_LA_HighLTV_AF_Pur,2024-02-01 00:00:00,26518.91,105913.64365156546
NV_gt-M_t-VIEW0RBL0Upsell_td-0to45D_a-1845_bk-RBL_dt-300422_ds-reg_bs-CPT,NV_gt_All_Opentargeting_AjioGrm_VC_Video,NV_gt_All_Opentargeting_AjioGrm_VC_Video,2024-02-03 00:00:00,26161.1,29909.008378622573
Ajiogrm,NV_gt_All_Opentargeting_AjioGrm_VC_Video,NV_gt_All_Opentargeting_AjioGrm_VC_Video,2024-01-31 00:00:00,10032.71,18623.90239871653
NV_gt-M_t-VIEW0RBL0Upsell_td-0to45D_a-1845_bk-RBL_dt-270422_ds-Fashionashion_bs-CPT,NV_gt_All_Opentargeting_AjioGrm_VC_Video,NV_gt_All_Opentargeting_AjioGrm_VC_Video,2024-01-27 00:00:00,35789.24,179135.5206793645
FBA_gt-All_t-AAA_dt-NA_a-NA_bk-MIX_ad-F_os-a_dt-050422_ds-Value_bs-CPI_ps-NewYear,FBA_LA_HighLTV_AF_All_Pur,FBA_LA_HighLTV_AF_Pur,2024-01-29 00:00:00,81231.72,411304.99834791076
FBA_gt-F_CA0AllTimeBuyers_Dup_Gen_CPI_Set_4Ever,FBA_LA_HighLTV_AF_All_Pur,FBA_LA_HighLTV_AF_Pur,2024-01-29 00:00:00,5693.88,15803.734631894939
NV_gt-F_t-VIEW0RBL0Upsell_td-0to45D_a-1845_bk-RBL_dt-270422_ds-Fashionashion_bs-CPT,NV_gt_All_Opentargeting_AjioGrm_VC_Video,NV_gt_All_Opentargeting_AjioGrm_VC_Video,2024-01-29 00:00:00,19452.77,93605.65505355886
NV_gt-F_t-VIEW0RBL0Upsell_td-0to45D_a-1845_bk-RBL_dt-270422_ds-Fashionashion_bs-CPT,NV_gt_All_Opentargeting_AjioGrm_VC_Video,NV_gt_All_Opentargeting_AjioGrm_VC_Video,2024-01-27 00:00:00,22646.54,63964.373296026424
FBA_gt-All_t-AAA_dt-NA_a-NA_bk-MIX_ad-F_os-a_dt-040621_ds-NA_bs-CPI_ps-AllProducts_Duplicate,FBA_LA_HighLTV_AF_All_Pur,FBA_LA_HighLTV_AF_Pur,2024-01-31 00:00:00,14994.14,25612.842495133304
StreetStyle,NV_gt_All_Opentargeting_AjioGrm_VC_Video,NV_gt_All_Opentargeting_AjioGrm_VC_Video,2024-01-30 00:00:00,5083.06,8076.7706349109185
StreetStyle,NV_gt_All_Opentargeting_AjioGrm_VC_Video,NV_gt_All_Opentargeting_AjioGrm_VC_Video,2024-01-29 00:00:00,5090.53,24378.2284485556
FBA_gt-F_CA0AllTimeBuyers_Dup_Gen_CPI_Set_4Ever,FBA_LA_HighLTV_AF_All_Pur,FBA_LA_HighLTV_AF_Pur,2024-01-27 00:00:00,5676.01,6429.836996791949
FBA_gt-All_t-AAA_dt-NA_a-NA_bk-MIX_ad-F_os-a_dt-040621_ds-NA_bs-CPI_ps-AllProducts_Duplicate_AJIOMANIA,FBA_LA_HighLTV_AF_All_Pur,FBA_LA_HighLTV_AF_Pur,2024-02-03 00:00:00,3619.35,11217.328326968416
Ajiogrm,NV_gt_All_Opentargeting_AjioGrm_VC_Video,NV_gt_All_Opentargeting_AjioGrm_VC_Video,2024-01-29 00:00:00,10164.13,30317.995978976218
NV_gt-F_t-VIEW0RBL0Upsell_td-0to45D_a-1845_bk-RBL_dt-300422_ds-reg_bs-CPT,NV_gt_All_Opentargeting_AjioGrm_VC_Video,NV_gt_All_Opentargeting_AjioGrm_VC_Video,2024-02-01 00:00:00,24929.78,96525.98691122512
FBA_gt-All_t-CA0AllTimeBuyers_Dup_Gen_CPI_Set_4Ever,FBA_LA_HighLTV_AF_All_Pur,FBA_LA_HighLTV_AF_Pur,2024-02-02 00:00:00,27128.77,73547.02359906971
4Ever,FBA_LA_HighLTV_AF_All_Pur,FBA_LA_HighLTV_AF_Pur,2024-02-03 00:00:00,225169.36,363642.0307109914
4Ever,FBA_LA_HighLTV_AF_All_Pur,FBA_LA_HighLTV_AF_Pur,2024-01-28 00:00:00,151835.06,169763.77983740668
Ajiogrm,NV_gt_All_Opentargeting_AjioGrm_VC_Video,NV_gt_All_Opentargeting_AjioGrm_VC_Video,2024-01-28 00:00:00,10172.03,33549.08961792108
FBA_gt-M_CA0AllTimeBuyers_Dup_Gen_CPI_Set_4Ever,FBA_LA_HighLTV_AF_All_Pur,FBA_LA_HighLTV_AF_Pur,2024-02-01 00:00:00,9249.47,34891.5934694251
FBA_gt-All_t-AAA_dt-NA_a-NA_bk-MIX_ad-F_os-a_dt-040621_ds-NA_bs-CPI_ps-AllProducts_Duplicate,FBA_LA_HighLTV_AF_All_Pur,FBA_LA_HighLTV_AF_Pur,2024-01-28 00:00:00,15106.88,46082.55915414443
FBA_gt-All_t-AAA_dt-NA_a-NA_bk-MIX_ad-F_os-a_dt-050422_ds-Value_bs-CPI_ps-NewYear,FBA_LA_HighLTV_AF_All_Pur,FBA_LA_HighLTV_AF_Pur,2024-01-30 00:00:00,81079.16,313434.16506887745
FBA_gt-All_t-CA0AllTimeBuyers_Dup_Gen_CPI_Set_4Ever,FBA_LA_HighLTV_AF_All_Pur,FBA_LA_HighLTV_AF_Pur,2024-01-29 00:00:00,12714.21,12503.914502700414
FBA_gt-F_CA0AllTimeBuyers_Dup_Gen_CPI_Set_4Ever,FBA_LA_HighLTV_AF_All_Pur,FBA_LA_HighLTV_AF_Pur,2024-01-28 00:00:00,6007.78,27406.199440833887
NV_gt-F_t-VIEW0RBL0Upsell_td-0to45D_a-1845_bk-RBL_dt-270422_ds-4Ever_bs-CPT,NV_gt_All_Opentargeting_AjioGrm_VC_Video,NV_gt_All_Opentargeting_AjioGrm_VC_Video,2024-02-03 00:00:00,13077.45,40704.9990655401
NV_gt-M_t-VIEW0RBL0Upsell_td-0to45D_a-1845_bk-RBL_dt-270422_ds-4Ever_bs-CPT,NV_gt_All_Opentargeting_AjioGrm_VC_Video,NV_gt_All_Opentargeting_AjioGrm_VC_Video,2024-01-31 00:00:00,6126.82,5591.19900063946
FBA_gt-M_CA0AllTimeBuyers_Dup_Gen_CPI_Set_4Ever,FBA_LA_HighLTV_AF_All_Pur,FBA_LA_HighLTV_AF_Pur,2024-01-31 00:00:00,4195.48,10617.974505494798
NV_gt-M_t-VIEW0RBL0Upsell_td-0to45D_a-1845_bk-RBL_dt-270422_ds-4Ever_bs-CPT,NV_gt_All_Opentargeting_AjioGrm_VC_Video,NV_gt_All_Opentargeting_AjioGrm_VC_Video,2024-01-29 00:00:00,6183.52,27082.711787555552
AJIOMANIA,FBA_LA_HighLTV_AF_All_Pur,FBA_LA_HighLTV_AF_Pur,2024-02-03 00:00:00,32256.45,149497.9947792696
NV_gt-M_t-VIEW0RBL0Upsell_td-0to45D_a-1845_bk-RBL_dt-300422_ds-reg_bs-CPT,NV_gt_All_Opentargeting_AjioGrm_VC_Video,NV_gt_All_Opentargeting_AjioGrm_VC_Video,2024-01-31 00:00:00,375.08,591.911231625947
FBA_gt-M_CA0AllTimeBuyers_Dup_Gen_CPI_Set_4Ever,FBA_LA_HighLTV_AF_All_Pur,FBA_LA_HighLTV_AF_Pur,2024-01-27 00:00:00,3639.77,13594.44507775206
FBA_gt-F_CA0AllTimeBuyers_Dup_Gen_CPI_Set_4Ever,FBA_LA_HighLTV_AF_All_Pur,FBA_LA_HighLTV_AF_Pur,2024-02-01 00:00:00,11443.76,8958.940394606296
Ajiogram,NV_gt_All_Opentargeting_AjioGrm_VC_Video,NV_gt_All_Opentargeting_AjioGrm_VC_Video,2024-02-01 00:00:00,9976.59,4609.242384625026
FBA_gt-All_t-AAA_dt-NA_a-NA_bk-MIX_ad-F_os-a_dt-050422_ds-Value_bs-CPI_ps-NewYear,FBA_LA_HighLTV_AF_All_Pur,FBA_LA_HighLTV_AF_Pur,2024-02-03 00:00:00,140156.54,421363.8271342993
NV_gt-F_t-VIEW0RBL0Upsell_td-0to45D_a-1845_bk-RBL_dt-300422_ds-reg_bs-CPT,NV_gt_All_Opentargeting_AjioGrm_VC_Video,NV_gt_All_Opentargeting_AjioGrm_VC_Video,2024-02-02 00:00:00,24422.17,89277.36984737725
FBA_gt-Kids_CA0AllTimeBuyers_Dup_Gen_CPI_Set_4Ever,FBA_LA_HighLTV_AF_All_Pur,FBA_LA_HighLTV_AF_Pur,2024-01-29 00:00:00,1469.14,6086.878144511131
NV_gt-F_t-VIEW0RBL0Upsell_td-0to45D_a-1845_bk-RBL_dt-270422_ds-Fashionashion_bs-CPT,NV_gt_All_Opentargeting_AjioGrm_VC_Video,NV_gt_All_Opentargeting_AjioGrm_VC_Video,2024-01-30 00:00:00,18946.48,36813.65174886185
FBA_gt-M_CA0AllTimeBuyers_Dup_Gen_CPI_Set_4Ever,FBA_LA_HighLTV_AF_All_Pur,FBA_LA_HighLTV_AF_Pur,2024-01-30 00:00:00,5210.61,1727.3885646250787
NV_gt-M_t-VIEW0RBL0Upsell_td-0to45D_a-1845_bk-RBL_dt-270422_ds-4Ever_bs-CPT,NV_gt_All_Opentargeting_AjioGrm_VC_Video,NV_gt_All_Opentargeting_AjioGrm_VC_Video,2024-02-01 00:00:00,13431.99,35135.14548121685
